Date,Open,High,Low,Close,Volume
2023-01-01,40000.0,40166.33,39687.85,39899.62,46428.92
2023-01-02,39899.62,40036.54,39153.69,39780.36,8536.07
2023-01-03,39780.36,40894.49,38725.03,39535.54,32213.36
2023-01-04,39535.54,39952.37,38942.02,39845.48,7269.89
2023-01-05,39845.48,40225.17,39323.83,40123.87,22836.62
2023-01-06,40123.87,40437.67,39941.47,40291.51,42629.95
2023-01-07,40291.51,43218.1,39279.41,41814.78,14759.49
2023-01-08,41814.78,44163.32,41592.95,41832.22,49337.93
2023-01-09,41832.22,42284.6,41049.68,41788.17,46568.65
2023-01-10,41788.17,43111.82,41487.28,42825.63,16959.79
2023-01-11,42825.63,42997.63,42173.68,42691.03,47929.53
2023-01-12,42691.03,42795.18,42564.7,42696.81,6273.75
2023-01-13,42696.81,43544.4,42602.21,43090.11,39545.72
2023-01-14,43090.11,47839.34,42634.49,44161.38,5684.44
2023-01-15,44161.38,44238.66,44130.58,44219.39,3190.53
2023-01-16,44219.39,46458.91,43041.41,45234.1,34205.06
2023-01-17,45234.1,45500.63,45002.83,45468.37,20691.97
2023-01-18,45468.37,47304.89,44091.68,45109.46,22272.36
2023-01-19,45109.46,47353.37,44421.36,46620.93,13136.28
2023-01-20,46620.93,49302.96,44121.8,45379.44,10208.47
2023-01-21,45379.44,45718.09,45231.57,45660.99,11577.25
2023-01-22,45660.99,46020.6,45107.31,45174.73,17168.8
2023-01-23,45174.73,45556.24,44138.65,45103.31,22641.82
2023-01-24,45103.31,45833.89,44450.04,44943.5,2142.09
2023-01-25,44943.5,45061.39,44744.28,45014.49,39986.81
2023-01-26,45014.49,45413.46,44662.69,44742.67,19543.83
2023-01-27,44742.67,44888.23,44591.51,44807.55,15418.9
2023-01-28,44807.55,44959.12,44730.54,44844.12,8286.24
2023-01-29,44844.12,45230.37,42506.85,44229.28,11440.34
2023-01-30,44229.28,44246.8,43399.3,44245.5,15093.88
2023-01-31,44245.5,45908.93,43328.06,44000.39,45600.33
2023-02-01,44000.39,45917.36,42924.99,43172.29,8943.62
2023-02-02,43172.29,43587.94,40914.07,40917.32,49798.82
2023-02-03,40917.32,41141.82,40862.9,41081.89,41967.43
2023-02-04,41081.89,41145.72,40808.09,40982.14,20464.38
2023-02-05,40982.14,41439.08,40564.97,41096.63,34334.16
2023-02-06,41096.63,41744.46,40437.11,40878.69,23206.36
2023-02-07,40878.69,40879.21,40876.06,40879.21,14170.91
2023-02-08,40879.21,40905.34,39721.77,40715.86,36260.88
2023-02-09,40715.86,40727.15,40634.85,40683.12,31800.78
2023-02-10,40683.12,40980.92,40159.11,40777.93,44642.74
2023-02-11,40777.93,41095.93,38690.75,39999.15,32903.68
2023-02-12,39999.15,40123.02,39698.75,39724.67,36147.47
2023-02-13,39724.67,40181.77,38275.13,40038.81,30639.06
2023-02-14,40038.81,40753.64,39167.49,40405.94,46789.13
2023-02-15,40405.94,40582.28,40150.64,40171.15,25548.77
2023-02-16,40171.15,40202.05,40089.69,40192.65,34255.22
2023-02-17,40192.65,40228.77,40126.26,40184.1,8804.79
2023-02-18,40184.1,40190.05,40056.42,40151.31,24698.4
2023-02-19,40151.31,40737.6,39708.09,40201.55,5503.75
2023-02-20,40201.55,41710.14,38578.77,41534.94,22563.95
2023-02-21,41534.94,41861.14,41358.87,41670.57,5978.09
2023-02-22,41670.57,42270.7,40954.06,41293.45,23847.94
2023-02-23,41293.45,42115.72,40962.87,41967.1,1243.14
2023-02-24,41967.1,42091.69,41756.84,41876.23,5001.75
2023-02-25,41876.23,42660.55,41792.14,42061.43,32186.68
2023-02-26,42061.43,43644.95,39742.4,43627.83,44207.34
2023-02-27,43627.83,43976.85,42921.65,43904.26,38556.47
2023-02-28,43904.26,44272.55,43401.11,44147.74,39767.37
2023-03-01,44147.74,44793.99,43322.84,44055.77,13731.05
2023-03-02,44055.77,45088.45,41488.26,44816.91,23190.5
2023-03-03,44816.91,44870.94,44744.55,44812.89,48490.99
2023-03-04,44812.89,45404.9,41756.17,43880.81,4749.97
2023-03-05,43880.81,44695.63,42898.16,44491.0,24260.86
2023-03-06,44491.0,45125.53,43819.21,44792.68,32363.84
2023-03-07,44792.68,45285.13,44699.84,45151.38,35870.62
2023-03-08,45151.38,46639.49,43849.5,43988.51,35815.49
2023-03-09,43988.51,44578.69,42786.62,44113.66,47134.13
2023-03-10,44113.66,44163.2,43591.42,43737.76,49449.72
2023-03-11,43737.76,44463.78,42558.77,44287.05,39995.14
2023-03-12,44287.05,44902.53,43794.02,44263.79,30689.27
2023-03-13,44263.79,44510.88,44198.32,44390.41,17933.2
2023-03-14,44390.41,44544.65,43233.14,43843.83,39286.34
2023-03-15,43843.83,43968.25,43710.45,43802.96,27495.29
2023-03-16,43802.96,44351.99,43153.68,43742.93,32694.26
2023-03-17,43742.93,45349.2,41712.2,42173.46,10469.64
2023-03-18,42173.46,43715.57,42145.39,43452.04,29625.43
2023-03-19,43452.04,44504.43,42252.13,43593.14,31535.72
2023-03-20,43593.14,43811.54,42338.48,42977.73,13936.36
2023-03-21,42977.73,43508.51,41689.9,42571.88,44569.38
2023-03-22,42571.88,42956.24,42496.13,42791.08,1500.48
2023-03-23,42791.08,42911.2,42778.09,42891.9,11054.94
2023-03-24,42891.9,43367.44,41420.68,43341.09,19069.65
2023-03-25,43341.09,43350.87,42835.56,43324.1,42940.52
2023-03-26,43324.1,44591.56,42008.03,43460.35,1849.67
2023-03-27,43460.35,46105.21,42069.7,43957.66,28999.78
2023-03-28,43957.66,44395.05,43534.71,44195.1,1772.65
2023-03-29,44195.1,44618.86,43643.34,44553.97,5188.76
2023-03-30,44553.97,45078.09,43436.74,43922.73,23722.35
2023-03-31,43922.73,44854.9,42572.83,42789.04,32203.01
2023-04-01,42789.04,42891.6,42750.59,42778.16,24069.44
2023-04-02,42778.16,43585.43,42516.92,43269.12,4378.01
2023-04-03,43269.12,43666.71,43239.5,43364.94,13738.74
2023-04-04,43364.94,43376.86,43357.17,43365.55,20039.15
2023-04-05,43365.55,45449.06,41535.63,44146.08,13750.9
2023-04-06,44146.08,45953.1,42758.83,44430.88,8144.02
2023-04-07,44430.88,44877.05,44066.46,44240.5,34890.53
2023-04-08,44240.5,45098.25,42405.12,44030.11,27055.43
2023-04-09,44030.11,44740.05,43365.54,44401.66,25643.87
2023-04-10,44401.66,45054.91,44332.71,44492.12,48545.95
2023-04-11,44492.12,45109.85,43906.42,44712.99,10682.94
2023-04-12,44712.99,46024.57,43095.38,45636.28,49084.63
2023-04-13,45636.28,46328.24,45511.68,46155.53,14084.74
2023-04-14,46155.53,46197.74,46090.85,46146.13,21601.22
2023-04-15,46146.13,47214.49,43824.61,46335.49,2456.03
2023-04-16,46335.49,46862.65,45823.2,46104.14,22315.37
2023-04-17,46104.14,46765.0,45559.31,46185.92,45917.7
2023-04-18,46185.92,47818.71,44387.62,45183.38,29309.26
2023-04-19,45183.38,45398.51,44997.44,45047.84,35973.54
2023-04-20,45047.84,45396.3,44594.39,44665.24,8014.43
2023-04-21,44665.24,44825.56,44555.91,44786.83,36075.13
2023-04-22,44786.83,44816.85,44351.85,44475.99,31186.39
2023-04-23,44475.99,44652.24,44361.73,44641.67,10150.65
2023-04-24,44641.67,45264.49,44084.64,44269.06,12949.02
2023-04-25,44269.06,47685.98,39878.08,46157.67,39468.73
2023-04-26,46157.67,46962.46,45470.68,46883.04,30756.67
2023-04-27,46883.04,50847.1,43614.54,46420.85,39584.5
2023-04-28,46420.85,46686.71,46024.47,46308.72,14408.29
2023-04-29,46308.72,46342.33,46307.02,46339.35,49582.62
2023-04-30,46339.35,47550.46,44938.73,45235.77,2712.77
2023-05-01,45235.77,45694.18,45156.14,45399.45,35827.01
2023-05-02,45399.45,46553.21,44329.46,44469.61,2316.91
2023-05-03,44469.61,44683.83,44284.04,44553.07,17970.16
2023-05-04,44553.07,46308.19,43500.25,45023.9,2628.03
2023-05-05,45023.9,45333.04,44889.07,44987.36,4647.13
2023-05-06,44987.36,45728.8,44142.78,45727.19,11028.4
2023-05-07,45727.19,45783.58,45234.22,45616.79,43894.73
2023-05-08,45616.79,46346.54,45499.7,45684.38,34518.5
2023-05-09,45684.38,48237.95,43003.35,45580.3,27302.35
2023-05-10,45580.3,45649.25,45430.61,45547.92,46727.61
2023-05-11,45547.92,45555.18,45505.15,45507.56,31138.93
2023-05-12,45507.56,47797.33,44483.79,47279.35,8091.34
2023-05-13,47279.35,47457.99,46286.99,46402.35,46902.73
2023-05-14,46402.35,46641.27,44913.17,46176.98,45999.94
2023-05-15,46176.98,48896.31,45194.77,45501.34,26402.87
2023-05-16,45501.34,45641.26,45273.55,45483.25,4091.81
2023-05-17,45483.25,45801.78,45460.04,45612.96,10494.96
2023-05-18,45612.96,45654.92,45536.6,45564.26,38504.69
2023-05-19,45564.26,46947.77,43462.97,45740.98,36459.77
2023-05-20,45740.98,46675.24,45248.78,46183.55,7518.78
2023-05-21,46183.55,46477.14,45832.52,46219.19,43766.49
2023-05-22,46219.19,46742.8,45375.11,45426.15,39180.37
2023-05-23,45426.15,45807.78,44886.35,44952.93,47030.72
2023-05-24,44952.93,45063.31,44919.57,44957.63,39105.18
2023-05-25,44957.63,45375.35,44918.41,45336.24,44590.63
2023-05-26,45336.24,45550.2,44359.65,45398.61,43979.89
2023-05-27,45398.61,46860.6,43488.91,46233.38,25463.84
2023-05-28,46233.38,49303.86,43201.65,43886.31,34914.37
2023-05-29,43886.31,44707.07,43300.98,44470.45,12424.33
2023-05-30,44470.45,44731.36,44385.26,44613.61,10727.36
2023-05-31,44613.61,46936.41,41823.62,45919.57,16846.48
2023-06-01,45919.57,46598.14,43923.22,44539.95,14481.48
2023-06-02,44539.95,44796.83,43923.2,44698.84,44582.81
2023-06-03,44698.84,44947.73,44449.15,44819.61,48947.57
2023-06-04,44819.61,45255.05,43725.79,44227.1,8658.95
2023-06-05,44227.1,46286.54,41674.64,44634.71,10500.69
2023-06-06,44634.71,45737.65,43669.95,43845.7,46538.61
2023-06-07,43845.7,45173.99,41375.86,44882.31,2486.79
2023-06-08,44882.31,45005.02,44352.45,44521.1,49687.94
2023-06-09,44521.1,44546.52,40992.72,42194.29,23482.62
2023-06-10,42194.29,43302.52,42127.82,43244.71,36545.37
2023-06-11,43244.71,43902.95,42840.1,43436.07,28653.13
2023-06-12,43436.07,44082.59,42130.29,43695.31,25672.15
2023-06-13,43695.31,45164.92,42436.3,44590.8,20723.85
2023-06-14,44590.8,45523.49,43668.3,45310.53,6322.68
2023-06-15,45310.53,45582.08,45237.09,45405.55,24039.79
2023-06-16,45405.55,46091.48,45148.28,45855.22,18043.37
2023-06-17,45855.22,46100.94,45678.83,45854.74,2059.56
2023-06-18,45854.74,48743.23,42578.4,47423.87,25658.39
2023-06-19,47423.87,47448.88,47145.52,47444.0,45932.29
2023-06-20,47444.0,48939.3,44479.47,45693.55,1087.46
2023-06-21,45693.55,45986.39,45502.5,45595.39,40996.58
2023-06-22,45595.39,45651.25,45558.15,45564.19,9408.36
2023-06-23,45564.19,46359.87,44648.14,45666.64,12707.92
2023-06-24,45666.64,45715.99,45649.78,45650.63,17608.52
2023-06-25,45650.63,46150.88,45467.99,46143.24,25527.68
2023-06-26,46143.24,46793.7,44857.13,45158.14,24485.72
2023-06-27,45158.14,46961.37,43854.67,44958.95,3672.95
2023-06-28,44958.95,45201.71,44395.65,44568.77,43924.68
2023-06-29,44568.77,46834.83,42561.17,45115.83,20719.24
2023-06-30,45115.83,45362.42,45018.97,45306.19,46055.6
2023-07-01,45306.19,46799.58,45086.52,45323.97,36122.44
2023-07-02,45323.97,46030.61,44799.14,45489.12,14913.72
2023-07-03,45489.12,45500.1,45210.04,45405.6,13189.06
2023-07-04,45405.6,47125.72,43392.51,45420.69,45331.31
2023-07-05,45420.69,46087.55,44912.38,45893.62,39332.56
2023-07-06,45893.62,46435.3,45007.26,45503.54,20220.12
2023-07-07,45503.54,45890.82,45400.09,45717.52,1408.25
2023-07-08,45717.52,45736.86,45683.69,45696.5,33538.01
2023-07-09,45696.5,46087.3,44909.41,45184.05,31727.41
2023-07-10,45184.05,45443.02,44846.58,45306.71,18822.31
2023-07-11,45306.71,46186.37,42106.46,42564.79,41030.02
2023-07-12,42564.79,45271.32,39846.8,42504.51,45820.89
2023-07-13,42504.51,44319.29,41293.42,43923.25,1685.18
2023-07-14,43923.25,44505.95,41740.72,42729.48,6179.92
2023-07-15,42729.48,42907.59,42607.47,42752.41,42731.47
2023-07-16,42752.41,43828.15,42156.56,42347.1,32026.64
2023-07-17,42347.1,42843.87,42277.47,42535.45,17632.71
2023-07-18,42535.45,43238.65,42018.5,42345.81,42633.84
2023-07-19,42345.81,42819.65,42093.41,42111.46,8179.74
2023-07-20,42111.46,42175.64,41615.3,41638.25,10216.56
2023-07-21,41638.25,43032.8,40973.93,42895.92,39342.83
2023-07-22,42895.92,43431.28,41521.16,43171.06,24599.29
2023-07-23,43171.06,43684.89,41469.4,43383.71,16951.18
2023-07-24,43383.71,43536.77,43260.69,43393.45,49413.88
2023-07-25,43393.45,43410.16,43367.32,43368.13,6056.23
2023-07-26,43368.13,43715.16,43269.19,43678.48,31464.61
2023-07-27,43678.48,46103.06,41393.46,43118.77,22624.37
2023-07-28,43118.77,43157.53,43060.36,43098.91,3160.39
2023-07-29,43098.91,43807.17,42495.33,42743.02,7603.35
2023-07-30,42743.02,42807.88,42679.23,42752.37,21103.48
2023-07-31,42752.37,43225.91,42059.21,43167.73,7604.45
2023-08-01,43167.73,44197.07,41646.48,43203.01,15943.46
2023-08-02,43203.01,43594.27,43073.92,43315.71,37940.25
2023-08-03,43315.71,43416.87,41742.09,41861.8,30852.44
2023-08-04,41861.8,43191.66,41523.3,43165.93,20748.81
2023-08-05,43165.93,43826.56,42132.52,43628.96,30062.77
2023-08-06,43628.96,46316.05,41176.49,42354.1,14445.77
2023-08-07,42354.1,42373.13,42173.12,42349.85,47290.11
2023-08-08,42349.85,43675.0,41013.53,43143.8,21543.93
2023-08-09,43143.8,44655.58,42501.32,42629.12,48154.51
2023-08-10,42629.12,43358.33,42192.6,42649.94,42019.45
2023-08-11,42649.94,43302.02,41813.23,42443.87,2873.11
2023-08-12,42443.87,42761.46,41162.65,42627.31,10751.41
2023-08-13,42627.31,43947.99,39998.46,43008.66,16999.37
2023-08-14,43008.66,43608.67,42230.54,42746.16,29582.21
2023-08-15,42746.16,42907.98,42392.54,42424.6,30917.98
2023-08-16,42424.6,42428.49,42374.19,42395.49,26232.28
2023-08-17,42395.49,42403.88,40889.61,41054.42,3550.95
2023-08-18,41054.42,41428.02,40879.0,40891.58,35326.99
2023-08-19,40891.58,40965.96,40891.06,40914.08,16498.42
2023-08-20,40914.08,41022.03,40832.65,40942.36,47715.98
2023-08-21,40942.36,43293.45,38155.59,41392.67,7734.55
2023-08-22,41392.67,43750.24,39662.53,42576.94,1254.57
2023-08-23,42576.94,42686.36,42364.53,42569.91,5399.05
2023-08-24,42569.91,43210.76,41777.8,42231.38,39643.9
2023-08-25,42231.38,42380.86,42041.43,42319.16,32571.75
2023-08-26,42319.16,43100.57,41707.04,41829.27,19761.22
2023-08-27,41829.27,41927.12,41473.89,41893.04,13094.7
2023-08-28,41893.04,42480.99,41585.57,41724.96,40702.69
2023-08-29,41724.96,41735.71,41672.19,41716.68,43792.69
2023-08-30,41716.68,41744.1,41239.57,41251.63,5288.96
2023-08-31,41251.63,42201.08,38844.46,41681.54,13709.26
2023-09-01,41681.54,42407.95,41434.68,41583.33,42533.11
2023-09-02,41583.33,42314.69,40733.63,41618.25,19566.57
2023-09-03,41618.25,42742.23,39111.23,39245.99,13516.11
2023-09-04,39245.99,39538.47,39153.27,39535.06,14916.41
2023-09-05,39535.06,40947.77,38229.49,39527.11,13532.48
2023-09-06,39527.11,40241.05,38292.59,38325.81,8017.36
2023-09-07,38325.81,39301.16,37459.76,37589.76,5209.07
2023-09-08,37589.76,39223.15,37018.0,38988.98,6718.38
2023-09-09,38988.98,39636.08,38042.49,39435.87,27686.67
2023-09-10,39435.87,40702.61,38913.24,40436.71,17941.83
2023-09-11,40436.71,40641.68,39967.12,40048.56,22527.54
2023-09-12,40048.56,40170.15,39879.3,40003.42,19554.11
2023-09-13,40003.42,40081.87,39899.06,39965.82,31152.31
2023-09-14,39965.82,40070.66,38495.09,38908.71,3549.25
2023-09-15,38908.71,40243.28,38833.83,39786.66,24468.34
2023-09-16,39786.66,40157.12,39699.18,40122.32,31253.67
2023-09-17,40122.32,40656.25,38849.01,39270.1,16879.04
2023-09-18,39270.1,39764.57,38974.49,39410.01,23902.77
2023-09-19,39410.01,41464.67,38619.77,39614.35,31472.41
2023-09-20,39614.35,39746.11,39355.32,39650.53,17095.92
2023-09-21,39650.53,39941.94,38296.9,38629.84,35358.59
2023-09-22,38629.84,40495.4,36747.65,40353.94,2126.12
2023-09-23,40353.94,41127.15,39202.97,39864.7,29820.81
2023-09-24,39864.7,39900.03,39482.57,39832.43,32057.06
2023-09-25,39832.43,41022.81,38673.61,38968.05,21010.65
2023-09-26,38968.05,39504.52,38451.43,39235.07,8149.75
2023-09-27,39235.07,39391.52,39187.88,39221.13,48025.14
2023-09-28,39221.13,40921.39,39103.91,39259.56,3519.71
2023-09-29,39259.56,39375.32,39156.84,39298.57,26269.46
2023-09-30,39298.57,41210.94,37925.49,38999.97,28864.32
2023-10-01,38999.97,39456.98,37726.41,38941.62,37291.37
2023-10-02,38941.62,41261.59,37128.92,40636.84,36050.98
2023-10-03,40636.84,40653.95,40163.21,40516.98,16288.06
2023-10-04,40516.98,40554.97,40463.4,40504.74,21311.64
2023-10-05,40504.74,41548.77,40106.59,40914.44,4123.7
2023-10-06,40914.44,41988.22,40183.56,40287.72,43670.16
2023-10-07,40287.72,40717.64,39224.11,39426.78,15408.25
2023-10-08,39426.78,39782.96,38516.02,39434.55,3241.51
2023-10-09,39434.55,39480.56,39013.54,39217.95,4502.2
2023-10-10,39217.95,39283.88,39208.94,39216.68,44630.39
2023-10-11,39216.68,39398.77,39114.08,39232.23,41410.19
2023-10-12,39232.23,39380.72,38941.38,39227.04,12023.54
2023-10-13,39227.04,40612.98,38633.44,38979.94,43490.6
2023-10-14,38979.94,40386.01,37074.52,38598.56,23827.93
2023-10-15,38598.56,40423.67,37014.29,39279.19,3131.93
2023-10-16,39279.19,39909.6,37868.06,37948.89,2657.49
2023-10-17,37948.89,38152.2,37494.45,37822.15,16737.75
2023-10-18,37822.15,38092.59,37262.14,37915.67,20805.06
2023-10-19,37915.67,38895.95,36388.74,38062.65,14207.0
2023-10-20,38062.65,38086.96,37495.5,38065.95,14737.68
2023-10-21,38065.95,38945.98,37984.77,38133.09,23125.17
2023-10-22,38133.09,38315.71,38109.95,38289.8,6889.31
2023-10-23,38289.8,40382.06,36506.05,37160.7,26298.25
2023-10-24,37160.7,37182.52,37137.8,37147.15,49784.09
2023-10-25,37147.15,37162.28,36707.15,36934.47,3248.05
2023-10-26,36934.47,37590.53,36623.41,37004.4,10780.54
2023-10-27,37004.4,37606.89,36088.3,37006.91,34670.97
2023-10-28,37006.91,37066.11,36948.77,36991.99,33156.88
2023-10-29,36991.99,37636.03,36896.43,37434.35,4546.83
2023-10-30,37434.35,37671.74,36303.14,37218.4,38539.86
2023-10-31,37218.4,38683.73,35648.86,36420.24,26584.85
2023-11-01,36420.24,36959.86,35810.07,36018.55,48227.16
2023-11-02,36018.55,36079.72,35843.42,36071.67,37185.18
2023-11-03,36071.67,36718.59,35362.46,35652.47,8684.89
2023-11-04,35652.47,36567.16,34794.71,34875.05,1354.64
2023-11-05,34875.05,35573.22,34058.9,34175.01,17254.73
2023-11-06,34175.01,35392.6,33139.86,33645.06,1213.24
2023-11-07,33645.06,33668.56,33557.04,33615.19,16119.39
2023-11-08,33615.19,36293.66,30884.57,31919.69,6376.91
2023-11-09,31919.69,32280.67,31521.64,32166.24,5093.2
2023-11-10,32166.24,32190.59,31884.7,32020.1,14402.48
2023-11-11,32020.1,32258.23,31811.47,31957.08,7307.2
2023-11-12,31957.08,32291.59,31743.17,31884.14,32309.43
2023-11-13,31884.14,32028.16,31766.74,31820.19,14531.5
2023-11-14,31820.19,31854.75,30860.37,31170.49,33307.9
2023-11-15,31170.49,31570.23,30948.88,31507.35,45488.2
2023-11-16,31507.35,32354.1,31299.27,31676.55,33453.17
2023-11-17,31676.55,32309.87,31368.08,31619.74,44494.83
2023-11-18,31619.74,31655.14,31584.85,31614.64,8157.04
2023-11-19,31614.64,31856.86,31326.76,31663.88,42133.72
2023-11-20,31663.88,32492.19,30736.32,31032.35,25563.98
2023-11-21,31032.35,31616.06,30197.16,30705.46,17759.22
2023-11-22,30705.46,31730.55,29943.91,31217.13,26714.68
2023-11-23,31217.13,31222.84,31207.11,31212.75,21797.46
2023-11-24,31212.75,32697.96,30258.45,30432.83,47692.76
2023-11-25,30432.83,30680.08,30076.23,30107.14,5402.97
2023-11-26,30107.14,32736.66,27251.43,32455.59,16090.98
2023-11-27,32455.59,32598.77,31825.84,32146.4,39178.42
2023-11-28,32146.4,33317.54,31272.19,31718.23,45052.72
2023-11-29,31718.23,32093.81,31227.82,31989.51,6747.02
2023-11-30,31989.51,33209.46,31516.65,31533.65,38627.54
2023-12-01,31533.65,31596.91,31318.95,31477.64,43788.71
2023-12-02,31477.64,31713.89,31386.14,31549.6,34116.38
2023-12-03,31549.6,32187.33,31302.54,31657.35,28846.87
2023-12-04,31657.35,31763.78,31521.41,31745.08,46117.0
2023-12-05,31745.08,32117.07,30358.5,30933.76,1440.86
2023-12-06,30933.76,32209.5,28442.97,30386.36,7093.87
2023-12-07,30386.36,30589.96,29901.11,30158.56,19458.04
2023-12-08,30158.56,31722.21,28750.6,30154.2,8063.34
2023-12-09,30154.2,32629.28,29875.84,30573.37,10461.1
2023-12-10,30573.37,30939.38,30558.49,30852.2,28335.59
2023-12-11,30852.2,31012.17,30629.77,30764.91,47078.34
2023-12-12,30764.91,32372.6,30375.61,31345.69,8657.87
2023-12-13,31345.69,31716.45,30815.05,31604.26,21603.76
2023-12-14,31604.26,31934.52,31082.26,31502.36,3155.46
2023-12-15,31502.36,31560.93,31342.1,31518.37,11254.15
2023-12-16,31518.37,32834.11,30912.25,32758.11,36569.56
2023-12-17,32758.11,33290.38,31794.69,32726.43,36606.36
2023-12-18,32726.43,32749.96,32695.49,32734.71,40593.62
2023-12-19,32734.71,33054.55,32271.56,32595.97,29906.43
2023-12-20,32595.97,33160.41,32470.29,33036.82,28267.16
2023-12-21,33036.82,33086.5,32956.75,33014.09,31127.09
2023-12-22,33014.09,33255.64,32586.41,33076.69,2496.51
2023-12-23,33076.69,33570.35,32782.07,33336.01,39316.32
2023-12-24,33336.01,33354.49,33310.98,33353.53,26804.08
2023-12-25,33353.53,34069.89,32702.43,33988.37,16409.79
2023-12-26,33988.37,34963.48,33323.78,34029.96,13361.73
2023-12-27,34029.96,34736.79,33613.53,33861.32,23198.92
2023-12-28,33861.32,34346.31,33659.79,33870.02,31908.12
2023-12-29,33870.02,34298.18,33378.87,34050.18,26792.2
2023-12-30,34050.18,35168.07,33497.61,33828.38,21183.95
2023-12-31,33828.38,35742.68,33665.71,35152.0,41292.98
2024-01-01,35152.0,36334.71,34463.83,36195.31,7941.02
2024-01-02,36195.31,36246.59,35843.85,35859.91,13411.83
2024-01-03,35859.91,36601.16,35730.81,36119.48,20756.3
2024-01-04,36119.48,36222.87,35990.71,36027.6,30160.15
2024-01-05,36027.6,37059.89,34696.83,35817.14,34373.15
2024-01-06,35817.14,35981.62,34862.89,35184.43,9785.22
2024-01-07,35184.43,35915.55,34180.46,34629.63,15951.69
2024-01-08,34629.63,35065.87,33843.95,34244.5,11436.55
2024-01-09,34244.5,36766.52,30051.12,32767.15,15731.16
2024-01-10,32767.15,33327.34,32534.3,32634.05,35299.08
2024-01-11,32634.05,33167.12,31560.8,32022.14,6170.92
2024-01-12,32022.14,32156.07,31683.78,31773.13,5540.83
2024-01-13,31773.13,34024.55,29835.06,31727.51,1170.12
2024-01-14,31727.51,31850.9,31656.94,31741.75,26111.44
2024-01-15,31741.75,31751.93,31613.65,31630.08,18311.03
2024-01-16,31630.08,32445.82,31536.98,31713.3,34185.41
2024-01-17,31713.3,32252.86,31608.61,31819.54,6647.93
2024-01-18,31819.54,31820.01,31611.49,31778.75,25721.52
2024-01-19,31778.75,32383.66,30119.24,31541.66,24226.7
2024-01-20,31541.66,31820.14,31371.15,31535.11,15188.61
2024-01-21,31535.11,32413.85,30662.0,31559.85,2833.89
2024-01-22,31559.85,31730.0,31004.69,31482.6,18160.71
2024-01-23,31482.6,33325.74,29167.16,32039.61,10890.33
2024-01-24,32039.61,32375.66,31424.75,31725.51,46340.97
2024-01-25,31725.51,32062.06,31449.96,31722.08,31817.32
2024-01-26,31722.08,32032.63,31542.4,31676.21,6141.75
2024-01-27,31676.21,32648.88,31271.99,32507.08,35402.28
2024-01-28,32507.08,32525.99,32332.9,32490.82,21918.45
2024-01-29,32490.82,32499.53,32427.42,32431.91,8767.51
2024-01-30,32431.91,33971.07,31266.45,33921.86,41066.52
2024-01-31,33921.86,34370.9,33369.56,33526.7,5149.93
2024-02-01,33526.7,35564.04,31703.2,32506.34,28806.76
2024-02-02,32506.34,34081.32,31652.25,32943.92,47775.77
2024-02-03,32943.92,33555.55,32648.4,33222.22,44550.9
2024-02-04,33222.22,33479.96,32986.57,33230.76,4897.96
2024-02-05,33230.76,33352.34,32806.66,33292.93,37884.25
2024-02-06,33292.93,33350.49,33254.08,33308.85,4179.39
2024-02-07,33308.85,34285.86,33021.11,33334.58,36626.99
2024-02-08,33334.58,33338.22,33317.7,33324.47,31892.85
2024-02-09,33324.47,34900.65,32415.58,33759.82,27975.65
2024-02-10,33759.82,34980.81,32244.77,33430.17,13966.75
2024-02-11,33430.17,33548.2,33415.67,33443.89,44057.27
2024-02-12,33443.89,34426.45,32771.47,33591.67,5694.5
2024-02-13,33591.67,34294.66,31824.66,34200.85,16680.42
2024-02-14,34200.85,36444.92,31798.9,36419.57,42221.67
2024-02-15,36419.57,36758.96,35553.71,36599.3,30007.04
2024-02-16,36599.3,36653.91,36523.42,36603.09,24377.32
2024-02-17,36603.09,37482.37,36458.8,36747.38,29592.79
2024-02-18,36747.38,36815.24,36617.59,36723.49,29683.42
2024-02-19,36723.49,37016.5,36696.25,36813.34,14363.61
2024-02-20,36813.34,37217.54,36570.2,36902.22,3822.8
2024-02-21,36902.22,36964.73,36804.1,36842.48,13795.8
2024-02-22,36842.48,37747.98,35456.98,36833.71,6555.63
2024-02-23,36833.71,37302.54,36327.46,36376.02,33227.3
2024-02-24,36376.02,36797.89,36017.16,36371.07,17661.44
2024-02-25,36371.07,38287.28,34562.25,37605.6,22836.37
2024-02-26,37605.6,38503.34,36248.69,38447.42,25535.75
2024-02-27,38447.42,38722.1,37996.91,38104.53,35769.34
2024-02-28,38104.53,38188.38,38053.29,38179.98,24475.45
2024-02-29,38179.98,38714.46,37462.97,37566.41,11532.68
2024-03-01,37566.41,37859.57,36549.03,37672.69,41920.03
2024-03-02,37672.69,37773.14,37559.04,37589.61,2507.84
2024-03-03,37589.61,38120.38,36298.48,37198.66,39528.67
2024-03-04,37198.66,37471.34,36816.17,37386.97,22118.18
2024-03-05,37386.97,39771.1,36591.92,37350.49,19678.61
2024-03-06,37350.49,37925.36,37068.06,37089.55,2136.86
2024-03-07,37089.55,37208.82,36505.03,36582.67,12461.8
2024-03-08,36582.67,36895.07,36104.6,36328.61,15613.66
2024-03-09,36328.61,36639.6,35857.64,35883.88,8846.97
2024-03-10,35883.88,36635.44,34651.33,35393.88,40136.88
2024-03-11,35393.88,35525.29,35268.19,35347.61,9501.23
2024-03-12,35347.61,35545.04,35047.59,35510.11,14379.94
2024-03-13,35510.11,36039.91,35187.35,35806.02,35491.46
2024-03-14,35806.02,36257.63,35526.29,35606.56,6965.76
2024-03-15,35606.56,36320.96,35210.53,35841.79,7347.6
2024-03-16,35841.79,35875.44,35826.29,35860.07,36521.0
2024-03-17,35860.07,35880.82,35561.53,35835.99,49144.31
2024-03-18,35835.99,36560.57,35014.82,36404.1,42381.83
2024-03-19,36404.1,36774.48,34596.76,36735.51,35656.6
2024-03-20,36735.51,37639.08,35260.81,37162.56,37566.24
2024-03-21,37162.56,38762.71,35911.96,36162.74,24883.27
2024-03-22,36162.74,36413.38,35908.43,36348.14,31717.73
2024-03-23,36348.14,36609.66,36326.18,36405.87,5164.7
2024-03-24,36405.87,37674.25,35142.9,37264.57,15978.22
2024-03-25,37264.57,37553.96,36833.65,37056.62,27373.95
2024-03-26,37056.62,38329.79,36939.32,38320.43,8115.01
2024-03-27,38320.43,38321.03,38317.35,38320.18,41278.48
2024-03-28,38320.18,40032.82,36295.92,39016.18,19016.27
2024-03-29,39016.18,39471.84,38388.17,39336.36,14998.89
2024-03-30,39336.36,39453.12,39286.09,39356.23,32090.38
2024-03-31,39356.23,39477.34,39257.78,39278.25,11900.07
2024-04-01,39278.25,39326.59,38689.33,38957.97,34146.07
2024-04-02,38957.97,39255.1,38669.18,38816.11,4147.71
2024-04-03,38816.11,39282.01,38547.93,39156.38,39642.89
2024-04-04,39156.38,40371.52,38367.81,38926.85,45662.56
2024-04-05,38926.85,39329.04,38183.39,38740.25,46607.95
2024-04-06,38740.25,40329.89,37582.65,37847.8,13112.51
2024-04-07,37847.8,40649.74,37416.21,37977.06,26060.18
2024-04-08,37977.06,39785.11,37574.7,39421.62,42917.73
2024-04-09,39421.62,39621.23,37990.02,39025.15,12357.03
2024-04-10,39025.15,39047.63,39007.79,39009.94,37295.01
2024-04-11,39009.94,39171.48,38211.77,38319.07,15846.06
2024-04-12,38319.07,38528.67,37825.19,38098.54,40598.23
2024-04-13,38098.54,38578.84,37539.1,38298.7,15062.02
2024-04-14,38298.7,38456.69,38136.6,38401.05,1062.55
2024-04-15,38401.05,38609.52,38398.72,38438.32,13319.45
2024-04-16,38438.32,38768.4,37649.89,38242.83,13843.33
2024-04-17,38242.83,38465.15,38178.27,38373.21,36307.48
2024-04-18,38373.21,39147.08,38086.89,38938.89,49805.33
2024-04-19,38938.89,39045.45,38345.94,38770.08,37035.25
2024-04-20,38770.08,39213.09,38761.58,38911.65,20296.17
2024-04-21,38911.65,39174.63,37880.97,38289.02,36916.82
2024-04-22,38289.02,38345.87,38225.93,38240.39,37607.75
2024-04-23,38240.39,40442.35,36652.76,38588.81,46363.39
2024-04-24,38588.81,39191.25,38395.06,38966.0,34129.86
2024-04-25,38966.0,39021.18,38908.27,38973.05,12554.62
2024-04-26,38973.05,40472.05,38070.45,39142.01,41409.53
2024-04-27,39142.01,40160.58,38854.87,39304.3,18244.48
2024-04-28,39304.3,39312.27,39153.06,39216.22,7518.28
2024-04-29,39216.22,39261.34,38937.99,39213.95,37500.49
2024-04-30,39213.95,39363.86,38726.82,39077.22,40163.29
2024-05-01,39077.22,40731.09,38093.6,39068.54,46287.39
2024-05-02,39068.54,39795.67,35740.99,36509.45,2139.89
2024-05-03,36509.45,36509.67,36509.3,36509.54,20707.99
2024-05-04,36509.54,37326.5,35949.98,36326.71,47391.85
2024-05-05,36326.71,36334.34,36253.96,36287.09,5215.16
2024-05-06,36287.09,36833.33,35777.86,36528.17,14411.4
2024-05-07,36528.17,36546.22,36382.79,36459.41,46403.65
2024-05-08,36459.41,36667.23,34796.83,36247.96,47192.34
2024-05-09,36247.96,36507.41,36158.93,36477.59,42427.75
2024-05-10,36477.59,36768.67,36242.48,36407.02,23831.22
2024-05-11,36407.02,36767.54,36198.45,36361.49,7196.78
2024-05-12,36361.49,38710.05,34882.13,36560.31,38159.77
2024-05-13,36560.31,36718.51,36369.46,36405.0,10614.47
2024-05-14,36405.0,37197.08,36327.08,36846.55,32066.98
2024-05-15,36846.55,37398.63,35778.54,36142.92,19106.37
2024-05-16,36142.92,36242.36,36026.05,36135.78,24699.38
2024-05-17,36135.78,37938.02,36131.77,36650.62,3879.75
2024-05-18,36650.62,38021.32,36353.92,37051.39,34365.68
2024-05-19,37051.39,37451.6,36964.79,37019.39,49725.72
2024-05-20,37019.39,37048.83,36983.79,36985.74,41098.03
2024-05-21,36985.74,37261.63,36772.88,36810.26,8833.09
2024-05-22,36810.26,36816.02,36367.37,36586.86,25637.55
2024-05-23,36586.86,36996.55,36319.47,36389.88,6561.97
2024-05-24,36389.88,38732.28,34173.84,36216.75,40510.55
2024-05-25,36216.75,36580.27,36020.79,36326.52,13812.82
2024-05-26,36326.52,36838.3,36212.92,36611.84,12245.63
2024-05-27,36611.84,37023.51,36333.4,36534.66,26280.67
2024-05-28,36534.66,36858.08,36288.95,36673.55,42998.23
2024-05-29,36673.55,38101.21,36222.01,36441.83,46086.06
2024-05-30,36441.83,37038.91,36350.57,36802.92,37228.68
2024-05-31,36802.92,38011.28,36346.72,37723.6,5152.85
2024-06-01,37723.6,38719.01,37196.97,38566.18,34749.44
2024-06-02,38566.18,38868.61,38538.54,38606.28,25260.43
2024-06-03,38606.28,38715.48,37619.72,38330.08,37091.79
2024-06-04,38330.08,38819.92,37515.32,38401.05,31735.68
2024-06-05,38401.05,38558.93,38190.02,38424.1,11571.46
2024-06-06,38424.1,38858.98,38388.01,38453.52,24754.33
2024-06-07,38453.52,38480.63,37357.52,37667.12,39892.84
2024-06-08,37667.12,39582.63,36998.14,38209.91,10672.94
2024-06-09,38209.91,40712.4,34813.89,38579.49,33415.11
2024-06-10,38579.49,39929.08,38513.07,38940.91,18384.48
2024-06-11,38940.91,39062.62,38548.95,38620.01,30570.52
2024-06-12,38620.01,38685.15,38559.42,38650.13,40439.06
2024-06-13,38650.13,38767.11,38366.34,38713.83,49135.79
2024-06-14,38713.83,39691.09,37916.58,39020.1,41070.46
2024-06-15,39020.1,39359.88,38891.66,39132.46,13612.08
2024-06-16,39132.46,39665.57,39021.49,39151.58,15333.95
2024-06-17,39151.58,39621.51,39068.45,39076.92,12418.97
2024-06-18,39076.92,40035.56,38565.27,39234.36,17883.64
2024-06-19,39234.36,41098.84,37621.27,38577.72,25766.16
2024-06-20,38577.72,39001.65,38189.29,38469.1,6309.63
2024-06-21,38469.1,39354.62,38291.98,38599.41,27418.58
2024-06-22,38599.41,39809.77,37582.91,38522.97,22673.36
2024-06-23,38522.97,39253.67,38480.51,39034.15,3071.77
2024-06-24,39034.15,39342.33,37732.12,39288.99,27898.31
2024-06-25,39288.99,39440.64,39002.29,39150.77,49782.38
2024-06-26,39150.77,40151.55,36606.75,37904.97,26714.42
2024-06-27,37904.97,38203.08,37502.14,38090.94,32958.5
2024-06-28,38090.94,39141.88,37968.91,37973.3,23773.64
2024-06-29,37973.3,39444.66,36417.29,39374.44,1615.63
2024-06-30,39374.44,39972.65,36150.15,36779.38,12966.48
2024-07-01,36779.38,36969.55,36765.35,36924.86,47395.5
2024-07-02,36924.86,37680.94,36194.89,36684.31,19640.22
2024-07-03,36684.31,37072.68,36120.01,36798.23,3600.8
2024-07-04,36798.23,36802.03,36797.74,36799.3,31830.29
2024-07-05,36799.3,37273.53,35559.67,36389.01,20221.42
2024-07-06,36389.01,37717.57,35230.48,37178.1,4194.08
2024-07-07,37178.1,38082.81,36295.29,38073.79,33002.31
2024-07-08,38073.79,38336.61,37420.61,37830.84,28127.97
2024-07-09,37830.84,37919.76,37794.93,37847.47,44820.7
2024-07-10,37847.47,38096.34,37463.97,37744.58,10875.16
2024-07-11,37744.58,37852.97,37560.58,37777.48,46832.54
2024-07-12,37777.48,37833.22,35229.09,36477.03,29704.53
2024-07-13,36477.03,36739.36,36249.8,36538.64,23037.52
2024-07-14,36538.64,37265.78,36402.56,36644.25,15962.87
2024-07-15,36644.25,36807.62,36577.79,36654.21,26448.14
2024-07-16,36654.21,37534.75,36166.38,37305.81,34822.8
2024-07-17,37305.81,37495.96,37132.26,37225.15,13754.23
2024-07-18,37225.15,37752.27,36159.18,37551.23,24011.06
2024-07-19,37551.23,37600.81,37543.87,37563.78,20904.82
2024-07-20,37563.78,37771.93,37189.55,37621.34,45305.75
2024-07-21,37621.34,38676.3,37066.43,37748.44,45523.05
2024-07-22,37748.44,37824.06,37524.99,37534.54,14299.83
2024-07-23,37534.54,38200.75,37199.34,37252.73,42344.03
2024-07-24,37252.73,37258.53,37235.52,37243.12,43535.54
2024-07-25,37243.12,38321.06,36233.42,36484.72,42036.53
2024-07-26,36484.72,36536.01,36456.35,36506.0,24084.48
2024-07-27,36506.0,37702.18,35738.8,37511.0,25404.77
2024-07-28,37511.0,37686.84,36530.45,37193.47,40187.28
2024-07-29,37193.47,37973.32,36776.65,37083.89,47619.92
2024-07-30,37083.89,37417.17,36886.89,36897.05,3808.95
2024-07-31,36897.05,38260.12,36029.26,36738.0,28326.82
2024-08-01,36738.0,37255.8,36451.07,37186.53,34264.21
2024-08-02,37186.53,37203.58,35391.41,35728.61,36278.66
2024-08-03,35728.61,36607.39,35350.69,36402.45,1231.89
2024-08-04,36402.45,36942.94,35140.61,36798.72,41502.76
2024-08-05,36798.72,38655.49,35159.89,37401.24,11928.26
2024-08-06,37401.24,38044.76,37245.4,37252.58,34517.83
2024-08-07,37252.58,37396.16,37181.54,37390.94,39258.75
2024-08-08,37390.94,37532.69,36968.51,37128.68,30454.41
2024-08-09,37128.68,37393.03,36940.44,36991.32,44659.83
2024-08-10,36991.32,37244.56,36138.91,36661.26,8637.74
2024-08-11,36661.26,37460.69,35794.4,36895.26,5507.29
2024-08-12,36895.26,36954.68,36875.17,36941.33,32375.67
2024-08-13,36941.33,37824.93,36237.9,36418.6,24678.53
2024-08-14,36418.6,38150.27,36234.63,36625.39,35894.3
2024-08-15,36625.39,37838.28,36257.5,37326.1,17237.37
2024-08-16,37326.1,37411.95,37303.24,37397.68,36957.11
2024-08-17,37397.68,38060.81,37000.08,38017.53,16990.63
2024-08-18,38017.53,38290.08,37549.36,38210.93,7874.71
2024-08-19,38210.93,38689.96,37770.59,38347.85,22119.67
2024-08-20,38347.85,39334.21,36234.34,39056.13,41432.9
2024-08-21,39056.13,39113.95,38889.01,38953.56,16638.67
2024-08-22,38953.56,39891.88,38243.26,38859.54,18465.86
2024-08-23,38859.54,39398.74,37195.88,39298.07,32361.74
2024-08-24,39298.07,41245.73,36877.17,40122.42,44865.72
2024-08-25,40122.42,40378.58,39593.68,39984.04,7885.23
2024-08-26,39984.04,42276.88,39770.44,40885.85,25639.87
2024-08-27,40885.85,40934.87,40865.1,40891.3,9726.43
2024-08-28,40891.3,43867.93,40401.68,41606.95,41311.31
2024-08-29,41606.95,42980.3,41253.05,41451.93,31651.18
2024-08-30,41451.93,41922.38,40915.41,41127.13,31809.77
2024-08-31,41127.13,41236.52,40788.46,41122.28,12447.62
2024-09-01,41122.28,41122.3,41122.27,41122.28,48098.96
2024-09-02,41122.28,41449.02,39552.15,41428.56,36288.28
2024-09-03,41428.56,41600.55,41288.0,41411.0,19762.56
2024-09-04,41411.0,41741.25,39153.69,39263.49,44438.97
2024-09-05,39263.49,39511.2,39133.81,39485.62,29353.57
2024-09-06,39485.62,39558.12,39392.57,39411.11,30291.56
2024-09-07,39411.11,40064.72,39197.78,39862.93,21670.98
2024-09-08,39862.93,40252.72,39628.3,39830.8,17672.98
2024-09-09,39830.8,39910.14,39807.31,39833.25,12967.36
2024-09-10,39833.25,40804.02,39766.78,40033.64,26693.92
2024-09-11,40033.64,40058.26,39845.23,39948.88,18297.22
2024-09-12,39948.88,40419.89,39576.3,39848.32,46833.19
2024-09-13,39848.32,39898.42,39817.68,39850.26,26328.65
2024-09-14,39850.26,39919.98,39825.43,39877.61,38634.81
2024-09-15,39877.61,40700.5,39234.73,40065.47,22930.76
2024-09-16,40065.47,41283.26,39768.08,41054.98,20142.15
2024-09-17,41054.98,41055.58,40988.69,41046.64,27100.05
2024-09-18,41046.64,41500.21,40762.51,40835.55,25632.97
2024-09-19,40835.55,40878.92,40777.85,40796.92,11372.81
2024-09-20,40796.92,40929.84,40596.11,40629.82,48192.87
2024-09-21,40629.82,40683.75,40255.69,40260.61,13443.83
2024-09-22,40260.61,40471.35,39251.28,39567.95,7705.4
2024-09-23,39567.95,39721.97,39413.14,39694.38,19616.66
2024-09-24,39694.38,40127.17,37298.55,39543.02,28118.66
2024-09-25,39543.02,39604.73,39043.78,39548.22,19505.01
2024-09-26,39548.22,41321.04,38449.55,38998.74,33038.32
2024-09-27,38998.74,39632.04,38082.31,39486.13,37789.24
2024-09-28,39486.13,40991.17,39188.02,39712.01,29525.81
2024-09-29,39712.01,41345.38,39478.42,40998.12,49550.34
2024-09-30,40998.12,41448.96,40407.85,41166.1,36373.5
2024-10-01,41166.1,42685.36,40800.17,42208.06,40558.55
2024-10-02,42208.06,43489.87,40144.06,40409.95,42662.74
2024-10-03,40409.95,41075.83,38983.0,39171.33,20399.92
2024-10-04,39171.33,40162.19,38998.91,39477.94,9530.82
2024-10-05,39477.94,42919.14,36513.82,42382.75,43440.89
2024-10-06,42382.75,42433.1,42273.8,42374.2,46477.02
2024-10-07,42374.2,42575.84,40623.43,41242.79,34897.88
2024-10-08,41242.79,41654.63,40561.87,41432.29,26210.13
2024-10-09,41432.29,41857.0,41079.54,41219.94,22595.6
2024-10-10,41219.94,41321.57,41150.01,41156.0,32754.08
2024-10-11,41156.0,42984.16,38809.59,39820.9,38503.16
2024-10-12,39820.9,40064.99,39689.2,39771.12,7254.23
2024-10-13,39771.12,39829.28,39169.82,39646.44,16919.78
2024-10-14,39646.44,39694.02,39479.95,39574.1,16077.4
2024-10-15,39574.1,39587.06,39289.52,39505.96,8152.9
2024-10-16,39505.96,40028.9,39364.64,39899.32,6176.51
2024-10-17,39899.32,39920.86,39845.95,39859.04,18316.72
2024-10-18,39859.04,41777.27,38607.98,41641.95,32155.23
2024-10-19,41641.95,41872.29,40279.62,41785.11,7036.78
2024-10-20,41785.11,42880.11,40916.26,41248.19,15592.22
2024-10-21,41248.19,41470.86,40896.87,40989.71,49167.65
2024-10-22,40989.71,41428.37,40633.8,41410.54,43871.3
2024-10-23,41410.54,41705.78,41069.11,41376.51,1083.92
2024-10-24,41376.51,41646.2,40730.41,41489.28,17566.63
2024-10-25,41489.28,43726.45,41154.21,41217.59,14756.47
2024-10-26,41217.59,41656.27,40177.21,40545.07,8488.86
2024-10-27,40545.07,40639.29,40538.34,40542.08,38151.71
2024-10-28,40542.08,42466.11,39081.67,39688.6,22067.87
2024-10-29,39688.6,39884.31,39316.35,39848.59,23269.85
2024-10-30,39848.59,40117.15,39745.09,39938.81,36540.18
2024-10-31,39938.81,41190.32,39200.94,39584.81,40179.38
2024-11-01,39584.81,41111.28,39537.97,39869.93,9480.62
2024-11-02,39869.93,40513.08,39622.1,39768.89,26879.83
2024-11-03,39768.89,39778.85,39719.88,39758.08,49707.17
2024-11-04,39758.08,39839.67,39726.16,39746.1,2579.1
2024-11-05,39746.1,40011.91,38880.3,39109.67,30633.9
2024-11-06,39109.67,40948.13,36426.67,38270.03,44693.96
2024-11-07,38270.03,38367.87,38252.08,38262.29,38058.84
2024-11-08,38262.29,38349.66,38253.47,38271.58,49696.38
2024-11-09,38271.58,40019.57,36282.5,38621.71,24713.79
2024-11-10,38621.71,39406.68,38383.2,38439.67,39959.8
2024-11-11,38439.67,38689.97,35684.77,36696.07,28687.55
2024-11-12,36696.07,36914.59,36345.14,36572.96,8771.81
2024-11-13,36572.96,37243.31,34719.58,36538.98,21222.49
2024-11-14,36538.98,36546.59,36456.51,36543.33,37580.69
2024-11-15,36543.33,36762.82,34700.93,34906.51,43148.1
2024-11-16,34906.51,35134.47,34059.96,34874.74,26972.73
2024-11-17,34874.74,35612.8,34563.06,35316.82,41367.78
2024-11-18,35316.82,35831.96,33712.17,34453.25,25419.61
2024-11-19,34453.25,34838.23,34367.95,34657.26,10145.39
2024-11-20,34657.26,35086.19,34295.47,34727.6,38646.28
2024-11-21,34727.6,35040.32,34408.85,34433.99,40698.94
2024-11-22,34433.99,34436.58,34222.66,34283.02,27174.73
2024-11-23,34283.02,34307.43,33995.61,34280.86,35639.75
2024-11-24,34280.86,34320.92,33680.98,33825.76,19973.89
2024-11-25,33825.76,33915.13,33794.81,33906.05,42628.52
2024-11-26,33906.05,34627.45,33299.49,34270.4,33172.55
2024-11-27,34270.4,35521.04,33718.35,33786.45,26467.31
2024-11-28,33786.45,33972.86,33488.29,33831.55,23724.09
2024-11-29,33831.55,34168.37,32401.95,33640.47,40300.77
2024-11-30,33640.47,33811.02,33341.67,33384.99,36735.96
2024-12-01,33384.99,33539.82,33277.34,33372.53,14744.37
2024-12-02,33372.53,34105.2,32552.71,33140.59,28743.93
2024-12-03,33140.59,33188.13,33016.79,33143.83,44479.28
2024-12-04,33143.83,33790.39,31738.09,32550.16,19183.51
2024-12-05,32550.16,32752.57,29404.04,32699.79,28814.03
2024-12-06,32699.79,33113.55,32654.09,32795.44,11984.78
2024-12-07,32795.44,33212.06,31714.1,31783.09,31648.37
2024-12-08,31783.09,32007.84,31288.79,31349.57,2358.8
2024-12-09,31349.57,32343.18,30577.72,30673.63,37962.59
2024-12-10,30673.63,30732.77,30637.63,30668.03,27956.37
2024-12-11,30668.03,31337.6,29761.24,29946.8,29223.83
2024-12-12,29946.8,30481.09,29899.86,30262.72,40298.94
2024-12-13,30262.72,30678.34,30173.98,30539.22,47902.63
2024-12-14,30539.22,30543.78,30537.26,30538.15,4592.37
2024-12-15,30538.15,31762.22,29565.13,30559.83,45785.95
2024-12-16,30559.83,30698.09,30423.64,30638.13,33083.7
2024-12-17,30638.13,30726.32,30551.82,30623.61,8372.08
2024-12-18,30623.61,30982.96,30432.82,30712.99,45274.71
2024-12-19,30712.99,30827.84,30553.71,30575.43,5087.0
2024-12-20,30575.43,30591.33,30562.05,30576.7,17840.18
2024-12-21,30576.7,32342.55,29328.78,29920.05,48924.84
2024-12-22,29920.05,31083.85,29419.21,30436.49,39485.36
2024-12-23,30436.49,32338.0,29437.62,29801.7,37042.02
2024-12-24,29801.7,29964.56,29700.09,29832.67,3163.99
2024-12-25,29832.67,30088.18,29636.2,29686.5,4165.08
2024-12-26,29686.5,30150.13,28991.02,29944.03,32764.62
2024-12-27,29944.03,30387.91,29174.09,30135.11,25338.26
2024-12-28,30135.11,30726.5,29234.64,29614.76,23081.59
2024-12-29,29614.76,29864.69,29371.51,29543.79,6752.46
2024-12-30,29543.79,30590.18,29124.71,30118.12,32492.75
